{
  "dataset": "cic",
  "n_eval": 669,
  "silent": 131,
  "accuracy": 0.7698056801195815,
  "f1_weighted": 0.7565504827383976,
  "f1_macro": 0.7630352357823651,
  "latency_mean_ms": 124.79182458601012,
  "latency_std_ms": 3.6682817048976446,
  "energy_mean_nj": 1.927204783258595,
  "avg_spikes": 31.624813153961135,
  "class_names": [
    "DDoS",
    "DoS",
    "Normal",
    "Others"
  ],
  "baselines": {
    "SVM": {
      "accuracy": 0.8175,
      "f1": 0.813278042304137,
      "latency_ms": 0.09259119629859924
    },
    "KNN": {
      "accuracy": 0.814375,
      "f1": 0.812212917808858,
      "latency_ms": 0.006052255630493164
    },
    "RF": {
      "accuracy": 0.81875,
      "f1": 0.8176298194173884,
      "latency_ms": 0.1397828757762909
    }
  },
  "paper_targets": {
    "accuracy": 0.965,
    "f1": 0.94,
    "latency_ms": 6.2,
    "energy_mj": 3.9
  }
}